Test,Sets (2^s),Associativity (E),Block Size (bytes),Cache Size (KB),Max Execution Time,Core 0 Execution Time,Core 1 Execution Time,Core 2 Execution Time,Core 3 Execution Time
s2_E1_b4,4,1,16,0.0625,404,404,404,404,404
s2_E1_b2,4,1,4,0.015625,704,704,704,704,704
s2_E1_b3,4,1,8,0.03125,604,604,604,604,604
s2_E1_b5,4,1,32,0.125,604,604,504,604,504
s2_E1_b6,4,1,64,0.25,704,704,604,604,604
s2_E1_b7,4,1,128,0.5,704,704,704,704,704
